video_id,channel_id,title,publish_date
KaLJrRJrACk,UCtEUnJ6P2gfffyK9olbutag,,
t1b-g7kgXrE,UCtEUnJ6P2gfffyK9olbutag,,
9pDnTYVQp24,UCtEUnJ6P2gfffyK9olbutag,,
gMZymP8IU8Y,UCtEUnJ6P2gfffyK9olbutag,,
9sy-Lv7nuZs,UCtEUnJ6P2gfffyK9olbutag,,
U2u7qsRCWk0,UCtEUnJ6P2gfffyK9olbutag,,
gtnZxASCq3E,UCtEUnJ6P2gfffyK9olbutag,,
y9DistXsxZ0,UCtEUnJ6P2gfffyK9olbutag,,
Go4jMUSMOzg,UCtEUnJ6P2gfffyK9olbutag,,
zqSV1UB58_Q,UCtEUnJ6P2gfffyK9olbutag,,
qvh62q83Mdc,UCtEUnJ6P2gfffyK9olbutag,,
agcy-GdBuwc,UCtEUnJ6P2gfffyK9olbutag,,
PixnXCBRE4A,UCtEUnJ6P2gfffyK9olbutag,,
Jzh-lE3hjhQ,UCtEUnJ6P2gfffyK9olbutag,,
PndTuE8Ef70,UCtEUnJ6P2gfffyK9olbutag,,
UQS8I_BRCOk,UCtEUnJ6P2gfffyK9olbutag,,
73wtXkCTugs,UCtEUnJ6P2gfffyK9olbutag,,
6x_J1A5qVv0,UCtEUnJ6P2gfffyK9olbutag,,
69rWbmqtQ9Q,UCtEUnJ6P2gfffyK9olbutag,,
oZtiFhCZ_A8,UCtEUnJ6P2gfffyK9olbutag,,
1jd6n4D8agU,UC8Ch40k7gSxNOCSnU-cmnwg,,
ZEd6NqUHsBI,UC8Ch40k7gSxNOCSnU-cmnwg,,
UzB3acLOggQ,UC8Ch40k7gSxNOCSnU-cmnwg,,
DLbw3lAkfoE,UC8Ch40k7gSxNOCSnU-cmnwg,,
HS7Jhr61zzI,UC8Ch40k7gSxNOCSnU-cmnwg,,
ZuPEAvdZFzY,UC8Ch40k7gSxNOCSnU-cmnwg,,
Pp_6y2Hm2vU,UC8Ch40k7gSxNOCSnU-cmnwg,,
Hjua0eKoxPo,UC8Ch40k7gSxNOCSnU-cmnwg,,
0kLYzxEKxdc,UC8Ch40k7gSxNOCSnU-cmnwg,,
QbqD8ltC3GY,UC8Ch40k7gSxNOCSnU-cmnwg,,
_dFu__rIkXg,UC8Ch40k7gSxNOCSnU-cmnwg,,
R94ddNOnf7c,UC8Ch40k7gSxNOCSnU-cmnwg,,
RHGxjJvgiNA,UC8Ch40k7gSxNOCSnU-cmnwg,,
SqV9pbH-JxM,UC8Ch40k7gSxNOCSnU-cmnwg,,
jKG8RlyCjVQ,UC8Ch40k7gSxNOCSnU-cmnwg,,
x4M6xeOeKLo,UC8Ch40k7gSxNOCSnU-cmnwg,,
bGT6vJgk6aM,UC8Ch40k7gSxNOCSnU-cmnwg,,
mNtmuzHOK3c,UC8Ch40k7gSxNOCSnU-cmnwg,,
7pkuejKwwFw,UC8Ch40k7gSxNOCSnU-cmnwg,,
qwCHDqWa_00,UC8Ch40k7gSxNOCSnU-cmnwg,,
wSh8fAFWEWs,UCX6OQ3DkcsbYNE6H8uQQuVA,Survivor vs Beast Games,2026-01-16
3GNyw4uaAqU,UCX6OQ3DkcsbYNE6H8uQQuVA,Subscribe for an iPhone,2026-01-13
ywIcdSNJolo,UCX6OQ3DkcsbYNE6H8uQQuVA,Pass the Phone,2026-01-09
QJI0an6irrA,UCX6OQ3DkcsbYNE6H8uQQuVA,"30 Celebrities Fight For $1,000,000!",2026-01-07
mktYW177p6U,UCX6OQ3DkcsbYNE6H8uQQuVA,Guess the Animal,2026-01-06
Ah_uuTwGOYU,UCX6OQ3DkcsbYNE6H8uQQuVA,World's Strongest Man Vs Robot,2025-11-22
HISfrcjiNPM,UCX6OQ3DkcsbYNE6H8uQQuVA,I Surprised 50 Make-A-Wish Kids With Disneyland,2025-11-21
3RmOvxilbPM,UCX6OQ3DkcsbYNE6H8uQQuVA,100 People Vs Worldâ€™s Biggest Trap!,2025-11-08
26QQE7EsnLA,UCX6OQ3DkcsbYNE6H8uQQuVA,MrBeast Lab Disaster!,2025-11-03
JgJrQnDIRgg,UCX6OQ3DkcsbYNE6H8uQQuVA,"First to Answer the Phone, Wins $10,000",2025-10-17
oBXSvS2QKxU,UCX6OQ3DkcsbYNE6H8uQQuVA,100 Kids Vs World's Strongest Man!,2025-10-11
oiZvK6MY7tI,UCX6OQ3DkcsbYNE6H8uQQuVA,"Call Your Ex, Win $10,000",2025-10-07
zo7i8VTpfNM,UCX6OQ3DkcsbYNE6H8uQQuVA,"Would You Risk Dying For $500,000?",2025-09-27
TDv56whosPQ,UCX6OQ3DkcsbYNE6H8uQQuVA,"Survive 100 Days In Prison, Win $500,000",2025-08-16
R_BmT1OJw98,UCX6OQ3DkcsbYNE6H8uQQuVA,Every YouTube Play Button I Have,2025-08-15
V6In4tmd-w8,UCX6OQ3DkcsbYNE6H8uQQuVA,"$1 vs $25,000 VFX",2025-06-19
hTSaweR8qMI,UCX6OQ3DkcsbYNE6H8uQQuVA,"$1 vs $500,000 Date",2025-06-07
c2ukL_zjFCk,UCX6OQ3DkcsbYNE6H8uQQuVA,Extreme Helmet Game,2025-05-28
Tbn4cYCaZCk,UCX6OQ3DkcsbYNE6H8uQQuVA,"Drift This Car, Win $10,000",2025-04-16
nAiKLoCP-kU,UCX6OQ3DkcsbYNE6H8uQQuVA,"Reach the Money, Win $10,000",2025-02-14
